year,PM_ave
2010,104.04572982326042
2011,99.0932403834184
2012,90.53876763535511
2013,98.40266354428444
2014,93.91770369524673
2015,85.85894216133943
